{"cameraMode":{"drawMode":0,"name":"Shaded","section":"Shading Mode"},"sceneLighting":false,"audioPlay":false,"sceneViewState":{"m_AlwaysRefresh":false,"showFog":true,"showSkybox":false,"showFlares":true,"showImageEffects":true,"showParticleSystems":true,"showVisualEffectGraphs":true,"m_FxEnabled":true},"in2DMode":false,"pivot":{"x":0.00031828880310058594,"y":0.8908589482307434,"z":-0.003420434892177582},"rotation":{"x":-0.0038681579753756525,"y":0.9937412142753601,"z":-0.10563036799430847,"w":-0.03636033833026886},"size":1.45258629322052,"orthographic":false}