{"cameraMode":{"drawMode":0,"name":"Shaded","section":"Shading Mode"},"sceneLighting":false,"audioPlay":false,"sceneViewState":{"m_AlwaysRefresh":false,"showFog":true,"showSkybox":false,"showFlares":true,"showImageEffects":true,"showParticleSystems":true,"showVisualEffectGraphs":true,"m_FxEnabled":true},"in2DMode":false,"pivot":{"x":-0.47833991050720217,"y":1.0325562953948975,"z":-0.04247927665710449},"rotation":{"x":-0.0038681579753756525,"y":0.9937412142753601,"z":-0.10563036799430847,"w":-0.03636033833026886},"size":1.6356971263885499,"orthographic":false}