{"cameraMode":{"drawMode":0,"name":"Shaded","section":"Shading Mode"},"sceneLighting":true,"audioPlay":false,"sceneViewState":{"m_AlwaysRefresh":false,"showFog":true,"showSkybox":true,"showFlares":true,"showImageEffects":true,"showParticleSystems":true,"showVisualEffectGraphs":true,"m_FxEnabled":true},"in2DMode":false,"pivot":{"x":-22.663768768310548,"y":0.8351333141326904,"z":4.313997268676758},"rotation":{"x":0.01783911883831024,"y":-0.8848150372505188,"z":0.033991921693086627,"w":0.46435829997062685},"size":8.938783645629883,"orthographic":false}