{"cameraMode":{"drawMode":0,"name":"Shaded","section":"Shading Mode"},"sceneLighting":true,"audioPlay":false,"sceneViewState":{"m_AlwaysRefresh":false,"showFog":true,"showSkybox":true,"showFlares":true,"showImageEffects":true,"showParticleSystems":true,"showVisualEffectGraphs":true,"m_FxEnabled":true},"in2DMode":false,"pivot":{"x":-19.556398391723634,"y":0.0017463844269514084,"z":16.347929000854493},"rotation":{"x":0.12181258946657181,"y":-0.47073134779930117,"z":0.06580794602632523,"w":0.8713479042053223},"size":4.803225517272949,"orthographic":false}