{"cameraMode":{"drawMode":0,"name":"Shaded","section":"Shading Mode"},"sceneLighting":false,"audioPlay":false,"sceneViewState":{"m_AlwaysRefresh":false,"showFog":true,"showSkybox":false,"showFlares":true,"showImageEffects":true,"showParticleSystems":true,"showVisualEffectGraphs":true,"m_FxEnabled":true},"in2DMode":false,"pivot":{"x":-7.152557373046875e-7,"y":0.8968918323516846,"z":-0.04106605052947998},"rotation":{"x":-0.02181244269013405,"y":-0.7742103338241577,"z":0.02672077901661396,"w":-0.6319891810417175},"size":1.4647061824798585,"orthographic":false}