{"cameraMode":{"drawMode":0,"name":"Shaded","section":"Shading Mode"},"sceneLighting":false,"audioPlay":false,"sceneViewState":{"m_AlwaysRefresh":false,"showFog":true,"showSkybox":false,"showFlares":true,"showImageEffects":true,"showParticleSystems":true,"showVisualEffectGraphs":true,"m_FxEnabled":true},"in2DMode":false,"pivot":{"x":-1.1920928955078126e-7,"y":0.8965846300125122,"z":-0.056057460606098178},"rotation":{"x":-0.0038681579753756525,"y":0.9937412142753601,"z":-0.10563036799430847,"w":-0.03636033833026886},"size":1.4598854780197144,"orthographic":false}