{"cameraMode":{"drawMode":0,"name":"Shaded","section":"Shading Mode"},"sceneLighting":false,"audioPlay":false,"sceneViewState":{"m_AlwaysRefresh":false,"showFog":true,"showSkybox":false,"showFlares":true,"showImageEffects":true,"showParticleSystems":true,"showVisualEffectGraphs":true,"m_FxEnabled":true},"in2DMode":false,"pivot":{"x":1.9812703132629395,"y":1.1465520858764649,"z":0.5601655840873718},"rotation":{"x":-0.02181244269013405,"y":-0.7742103338241577,"z":0.02672077901661396,"w":-0.6319891810417175},"size":2.3385894298553469,"orthographic":false}