{"cameraMode":{"drawMode":0,"name":"Shaded","section":"Shading Mode"},"sceneLighting":false,"audioPlay":false,"sceneViewState":{"m_AlwaysRefresh":false,"showFog":true,"showSkybox":false,"showFlares":true,"showImageEffects":true,"showParticleSystems":true,"showVisualEffectGraphs":true,"m_FxEnabled":true},"in2DMode":false,"pivot":{"x":-9.5367431640625e-7,"y":0.8631667494773865,"z":-0.040280312299728397},"rotation":{"x":-0.23455514013767243,"y":-0.11602898687124253,"z":0.028209755197167398,"w":-0.9647412896156311},"size":1.4385895729064942,"orthographic":false}